연관키워드,월간검색수(PC),월간검색수(모바일),월평균클릭수(PC),월평균클릭수(모바일),월평균클릭률(PC),월평균클릭률(모바일),경쟁정도,월평균노출 광고수
씨씨티비,600,"3,480",4.6,55.9,0.78%,1.71%,높음,10
CCTV카메라,"1,000","1,980",13.1,18.8,1.4%,1.03%,높음,8
NVR,"1,210","1,030",2.3,3.3,0.2%,0.34%,높음,8
홈CCTV,810,"3,360",6.3,79,0.8%,2.45%,높음,8
홈캠,"8,980","43,800",82.6,834.4,0.91%,1.81%,높음,8
무선CCTV,"1,730","6,200",17.1,107,1.05%,1.87%,높음,8
IP카메라,"1,680","4,580",6.3,64,0.26%,0.57%,높음,8
CCTV추천,"1,380","4,970",28.6,202.1,2.17%,4.39%,높음,10
현관CCTV,"1,900","10,600",37.6,448.8,2.11%,4.39%,높음,8
보안업체,630,"1,610",13.8,30.2,2.23%,1.95%,높음,10
매장CCTV,260,680,4.2,27.6,1.55%,4.38%,높음,10
스마트폰CCTV,560,"4,190",7.5,140,1.39%,3.54%,높음,8
유플러스CCTV,120,360,1.6,11,1.41%,3.21%,높음,10
DVR,600,880,1.9,4,0.33%,0.48%,높음,8
감시카메라,450,"1,540",8.1,43.5,1.85%,3.02%,높음,8
홈캠추천,910,"4,460",10.6,114.6,1.29%,2.81%,높음,10
CC카메라,220,390,2.1,9.2,0.88%,2.53%,높음,10
클라우드CCTV,30,50,0.6,3,2.02%,5.46%,높음,8
물리보안,110,120,0.4,1.1,0.42%,0.99%,높음,7
국산CCTV,150,550,1.9,19.3,1.13%,3.21%,높음,8
KTCCTV가격,230,990,4.1,60.4,1.84%,6.49%,높음,10
캡스,"10,700","15,700",21.1,100.6,0.22%,0.68%,높음,10
AI카메라,280,740,2.3,4.8,0.88%,0.7%,높음,7
외부CCTV,210,570,3.5,10.5,1.55%,1.77%,높음,8
무선CCTV카메라,150,410,2.5,15.5,1.63%,3.54%,높음,8
홈캠설치,340,"3,080",6.5,128.7,2%,4.54%,높음,10
TAPO,"2,530","4,810",17.8,104.5,0.73%,2.23%,중간,7
CCTV설치업체,250,420,4.3,26.2,1.65%,6.62%,높음,10
CCTV설치비용,450,940,6.1,36.2,1.37%,4.07%,높음,10
중고CCTV,50,50,1.2,2.5,1.85%,5.11%,높음,10
가게CCTV,100,380,1.6,14,1.51%,3.84%,높음,10
소형CCTV카메라,50,180,2.1,4.7,4.21%,2.57%,높음,7
기가아이즈,"2,880","1,310",5.3,15.9,0.21%,1.34%,중간,8
모형씨씨티비,< 10,10,0.2,0,2.44%,-,중간,6
실외CCTV설치,10,40,0,1.3,-,2.8%,높음,10
무선CCTV가격,10,80,0.3,2.5,2.39%,4.24%,높음,7
시시티비,180,670,0.4,11.5,0.24%,1.74%,높음,7
브이스타캠,670,680,2.5,12,0.4%,1.8%,높음,8
홈CCTV설치,20,110,0.7,4.4,3.05%,3.93%,높음,10
무인경비,160,120,3.1,2.8,1.91%,2.42%,높음,10
LG유플러스CCTV,70,140,1.1,4.4,1.42%,3.29%,높음,10
LGU+CCTV,70,120,1.4,4.2,2.06%,3.72%,높음,10
CCTV설치비,60,70,0.3,1.9,0.5%,2.89%,높음,10
홈CCTV추천,20,120,0.3,2.8,1.12%,2.46%,높음,10
KT카메라,40,80,0.4,3,1.06%,3.75%,높음,10
인터넷CCTV,50,140,1.3,10,2.46%,7.3%,높음,10
홈카메라,600,"3,110",6.1,65.3,1.07%,2.09%,높음,8
지능형CCTV,320,200,2.6,3.2,0.79%,1.56%,높음,10
CCTV카메라종류,90,30,0.1,0.5,0.16%,1.25%,중간,7
단독주택CCTV,60,140,1.1,5.4,1.75%,3.49%,높음,10
LGU플러스CCTV,50,160,1.5,5.8,2.64%,3.75%,높음,10
티피링크CCTV,450,"1,140",8.2,34.4,1.79%,3.08%,높음,10
KT텔레캅고객센터,740,"1,580",2.8,12,0.4%,0.81%,중간,8
스카이라이프CCTV,30,110,0.5,5,1.97%,5.16%,높음,9
대구CCTV설치,40,60,0.3,2.6,0.77%,3.57%,높음,10
U+CCTV,40,100,0.5,4.5,1.25%,4.95%,높음,10
실외CCTV,430,"1,340",6,26.8,1.58%,2.2%,높음,8
국산홈캠,470,"2,000",5.3,58.3,1.12%,2.61%,높음,8
엘지유플러스CCTV,60,130,1.6,5.2,2.59%,4.1%,높음,10
농장CCTV,10,30,0.5,0.8,3.85%,2.1%,높음,8
클라우드카메라,10,190,0,1,-,0.63%,높음,8
가정용홈캠,200,740,4,19.3,2.18%,2.26%,높음,8
무선CCTV설치,20,70,0.5,3,1.93%,4.17%,높음,8
시골집CCTV,20,120,0.4,3.8,1.6%,3.28%,높음,10
공장CCTV설치,10,40,0,1.8,-,4%,높음,10
CCTV녹화기,500,860,3.5,9,0.73%,1.13%,높음,8
CCTV8채널,90,210,0.6,2.5,0.68%,1.2%,높음,8
광주CCTV설치,30,40,0,1,-,2.23%,높음,10
FXTCCTV,150,390,6.1,5.8,4.02%,1.62%,중간,7
CCTB,< 10,< 10,0,0,-,-,높음,8
CCTVA/S,< 10,< 10,0,0.3,-,3.13%,높음,3
CCTVAS,30,70,0.2,5,0.67%,6.85%,높음,10
CCTVHDD,130,190,0.3,0.3,0.2%,0.15%,높음,8
CCTV관리업체,10,10,0,0.5,-,3.34%,높음,7
CCTV구매설치,10,20,0.4,0.7,2.36%,3.04%,높음,10
CCTV기둥,60,50,1.1,3.8,1.98%,6.58%,높음,8
CCTV기사,< 10,< 10,0,1,-,10.72%,높음,7
CCTV매장,10,50,0.1,0.5,1.1%,0.93%,높음,7
CCTV방범,< 10,< 10,0,0.3,-,6.67%,높음,7
CCTV부산,< 10,20,0,0.3,-,1.39%,높음,7
CCTV사설,< 10,< 10,0.4,0,7.41%,-,중간,5
CCTV사설업체,< 10,< 10,0,0,-,-,높음,7
CCTV설치가격,40,150,0.7,8.8,1.4%,6.29%,높음,10
CCTV설치대행,< 10,< 10,0.1,0,1.79%,-,높음,7
CCTV설치지원,< 10,< 10,0,0,-,-,높음,3
CCTV설치추천,10,10,0.3,0.8,2.6%,4.69%,높음,7
CCTV설치회사,30,10,0.4,0.8,1.16%,7.5%,높음,7
CCTV시공업체,10,< 10,0.3,0,2.86%,-,높음,7
CCTV실외카메라,< 10,10,0,0,-,-,높음,7
CCTV업체순위,< 10,10,0,0,-,-,높음,7
CCTV연결방법,10,60,0.3,2.5,2.39%,4.12%,높음,7
CCTV추가설치,10,20,0.1,1,1.2%,3.85%,높음,7
CCTV하드디스크,150,330,1,0.8,0.7%,0.24%,높음,8
CCTV핸드폰,< 10,10,0,0,-,-,높음,8
CC카메라설치,10,110,0.5,7.8,4.17%,6.71%,높음,10
IPCCTV설치,10,10,0.3,1,2.28%,9.1%,높음,8
PTZCCTV,20,30,0.5,0.3,2%,0.97%,높음,8
가게CCTV추천,10,60,0.1,2.7,0.67%,5.71%,높음,10
감시용CCTV,10,< 10,0,0,-,-,높음,7
강아지씨씨티비,< 10,40,0,1,-,2%,높음,10
건물CCTV설치,20,50,0.8,1.2,3.34%,2.32%,높음,10
경기광주CCTV,70,520,0.6,0.3,0.96%,0.07%,중간,3
공공기관CCTV,30,20,0,0,-,-,높음,7
구미CCTV설치,< 10,10,0,1.5,-,7.5%,중간,8
구미시CCTV,10,20,0,0,-,-,중간,6
군산CCTV설치,< 10,20,0.4,1,6.13%,5.27%,높음,7
김포CCTV설치,30,50,0,0.3,-,0.47%,높음,10
김포공항CCTV,30,190,1.5,0.4,6.67%,0.26%,낮음,1
단독주택CCTV설치,10,40,0.2,1.8,1.54%,3.65%,높음,10
대구CCTV수리,10,10,0.6,1,5.98%,6.16%,중간,7
대전CCTV설치업체,< 10,10,0.3,1.3,3.45%,8.93%,높음,10
모형CCTV설치,< 10,< 10,0,0,-,-,높음,3
모형CCTV카메라,< 10,10,0,0,-,-,높음,3
무선CCTV설치방법,< 10,20,0.1,0.5,1.79%,2%,높음,7
무인CCTV,10,40,0,0.8,-,1.64%,높음,8
미니CCTV카메라,10,130,0,1,-,0.8%,중간,6
백화점CCTV,10,20,0,0.3,-,1.21%,높음,7
버스CCTV설치,< 10,< 10,0,0,-,-,높음,7
병원CCTV설치,10,10,0,0,-,-,높음,7
부산CCTV수리,10,20,1.1,0.3,12.7%,1.57%,높음,7
부천CCTV수리,< 10,< 10,0,0,-,-,높음,7
분리수거장CCTV,< 10,< 10,0,0,-,-,높음,3
사무실CCTV설치,110,110,1.2,5.4,1.12%,4.5%,높음,10
상가CCTV설치,20,30,0.5,1.4,2%,3.98%,높음,10
성남CCTV,90,670,0.1,1.5,0.13%,0.23%,높음,9
수원CCTV수리,< 10,< 10,0.1,0,3.58%,-,높음,7
실내CCTV설치,10,70,0.7,2.4,4.12%,3.44%,높음,10
실내CCTV추천,10,30,0.1,1,0.84%,3.34%,높음,8
실외용CCTV추천,< 10,20,0,0.8,-,3.85%,높음,7
씨씨티비설치비용,50,480,0.6,28,1.08%,6.15%,높음,10
안면인식CCTV,< 10,10,0,0,-,-,높음,7
안성CCTV설치,10,< 10,0.6,0,3.58%,-,높음,7
안양CCTV설치,< 10,10,0,0.3,-,1.79%,높음,7
업소용CCTV설치,< 10,20,0,2.6,-,9.38%,높음,9
업소용CCTV추천,< 10,20,0,1,-,3.71%,높음,7
옥외CCTV설치,< 10,< 10,0,0,-,-,낮음,0
용산전자상가CCTV,< 10,< 10,0,0,-,-,높음,3
인천CCTV수리,< 10,10,0.3,0.8,9.53%,8.34%,높음,7
전원주택CCTV설치,< 10,10,0.1,1.5,2.39%,8.22%,높음,7
전주CCTV설치,20,70,0,0.8,-,1.16%,높음,10
제주CCTV설치,10,50,0.4,2,2.86%,4%,높음,10
주차장CCTV,70,150,0.2,3.2,0.3%,2.22%,높음,10
창고CCTV설치,10,40,1,2.8,8.34%,7.19%,높음,7
창원CCTV설치,< 10,30,0,1.3,-,4.32%,높음,10
초고화질CCTV,10,30,0.3,1,1.91%,2.71%,높음,7
충북CCTV,< 10,10,0,0,-,-,높음,7
코스트코CCTV,160,770,0.8,9.5,0.48%,1.28%,높음,8
학원용CCTV,< 10,10,0,0.3,-,1.79%,높음,7
현관CCTV설치,60,250,1.4,13.2,2.09%,5.39%,높음,10
화성CCTV설치,< 10,10,0.1,0,1.59%,-,높음,7
가정용감시카메라,30,140,0.5,4.2,1.67%,3.02%,높음,10
집안CCTV,30,220,0.3,8.3,0.76%,3.67%,높음,8
고해상도CCTV,< 10,10,0,0.8,-,4.17%,높음,7
AHDCCTV,20,20,0.1,0,0.63%,-,높음,7
CCTV구매,50,90,1.1,4,1.98%,4.77%,높음,8
CCTV무선,70,140,0.3,1,0.36%,0.71%,높음,8
CCTV종류,70,150,1.1,3.2,1.62%,2.17%,높음,10
고성능CCTV,20,20,0.1,0,0.5%,-,높음,7
열감지CCTV,10,20,0,0.3,-,1.09%,높음,7
와이파이CCTV,170,470,2.3,2.8,1.31%,0.6%,높음,8
유선CCTV,50,120,0.4,1.8,0.67%,1.55%,높음,8
주차장카메라,< 10,10,0,0,-,-,높음,7
IP공유서비스,10,10,0,0,-,-,높음,3
개인사업자카드단말기,110,280,3.5,7,3.73%,2.6%,높음,8
단말기,690,"1,970",2.8,17,0.44%,0.93%,높음,8
무인점포키오스크,10,410,0.9,3.3,5.72%,0.83%,높음,7
사무실캡스,10,10,0.4,0.5,2.69%,5%,높음,9
사업자카드단말기,80,230,0.6,5.3,0.75%,2.5%,높음,8
테이블포스,10,10,0,0.8,-,3%,높음,8
편의점키오스크,< 10,20,0.1,0.5,1.59%,2.78%,높음,7
편의점포스기,30,180,0.7,0.4,2.1%,0.26%,높음,10
풍수해보험,560,770,6.3,23.4,1.22%,3.22%,높음,10
학원카드단말기,30,100,1.1,7,3.44%,6.94%,높음,10
학원키오스크,50,110,2.4,9,4.9%,7.76%,높음,10
학원홈페이지제작,40,20,1.8,3.8,4.19%,11.52%,높음,10
무인매장키오스크,70,80,2.3,4,3.29%,4.6%,높음,10
무선카메라,250,970,1.4,18.8,0.58%,2.06%,높음,8
IPCCTV,200,320,1.6,0.8,0.73%,0.18%,높음,8
400만화소CCTV,20,40,0.4,0.8,2.09%,2.15%,높음,8
CCTV무료설치,30,10,0.4,0.6,1.39%,4.09%,높음,7
아이피CCTV,10,< 10,0,0.5,-,5.56%,높음,7
적외선CCTV카메라,40,20,0.1,0.5,0.3%,1.93%,높음,8
산업용CCTV,50,10,0.1,0,0.29%,-,높음,7
식당CCTV,50,120,0.4,4,0.94%,3.51%,높음,10
돔카메라,210,110,1.1,1.3,0.56%,1.17%,높음,8
CC티비,10,60,0,1.3,-,2.3%,높음,7
가게포스기,10,70,0.1,2,0.77%,2.67%,높음,10
매장포스기,60,60,1.1,2.8,1.84%,4.29%,높음,9
U+지능형CCTV,50,20,1,0.3,1.99%,1.24%,중간,6
U플러스지능형CCTV,< 10,< 10,0.3,0.3,5.56%,7.7%,높음,3
엘지홈카메라,< 10,10,0,0.3,-,1.41%,낮음,0
발룬,110,280,1,5.3,0.87%,1.94%,중간,7
시시티비카메라,30,60,0.4,4.3,1.14%,8.68%,중간,8
HD카메라,20,50,0.1,0.3,0.76%,0.64%,높음,7
학원CCTV,70,160,1.2,4,1.7%,2.34%,높음,10
사업자CCTV,< 10,< 10,0.6,1,11.43%,20%,높음,7
시큐리티,850,"3,180",0.8,5.7,0.1%,0.2%,높음,10
무인매장CCTV,20,60,0.8,2.5,2.76%,3.63%,높음,10
CCTV관리,40,60,0,0.5,-,0.9%,높음,7
CCTV모형,280,940,1.9,13.5,0.69%,1.5%,높음,8
빌라CCTV,40,120,0.3,2.8,0.82%,2.48%,높음,10
CCTVMART,< 10,< 10,0,0,-,-,높음,3
CCTV렌트,< 10,< 10,0,0,-,-,높음,7
화재감지카메라,10,10,0.4,0.3,2.68%,2.28%,높음,7
아이피카메라,70,160,0.1,6.5,0.14%,1.61%,높음,8
회사CCTV,40,90,0.6,0.2,1.17%,0.29%,높음,7
LGU+지능형CCTV,10,< 10,0.3,0,2.09%,-,높음,3
CCTV브라켓,290,300,2.3,4,0.78%,1.35%,높음,8
실시간CCTV,"7,730","24,000",1.1,18.2,0.02%,0.09%,높음,9
복도CCTV,30,110,0.3,1.3,0.91%,1.26%,높음,8
유플러스씨씨티비,10,100,0,2.5,-,2.41%,높음,10
CCTV동축케이블,40,40,0.4,0,0.9%,-,높음,7
CCTV판매업체,50,< 10,0,0,-,-,높음,7
미용실CCTV,< 10,40,0.1,0.9,1.67%,2.03%,높음,10
화재감시CCTV,10,10,1.1,0,5.72%,-,높음,7
소상공인CCTV,10,30,0.7,1,4.92%,3.71%,높음,9
엘지유플러스씨씨티비,10,40,0.1,0.8,1.07%,1.94%,높음,9
CCTV케이블,330,620,0.9,3,0.29%,0.52%,높음,8
감시용카메라,30,30,0,1.5,-,3.85%,높음,8
씨씨티비설치,50,370,0.5,19.2,0.95%,5.03%,높음,10
매장용CCTV,60,100,0.7,3.2,1.15%,3.79%,높음,10
엘지씨씨티비,10,80,0.4,8.3,5.13%,10.72%,높음,10
무선씨씨티비,20,260,0.5,4.3,1.79%,1.61%,높음,8
CCTV설치공사,30,< 10,0.9,0,2.68%,-,높음,7
LGCCTV설치,10,30,0.4,1.8,3.34%,4.73%,높음,10
카페키오스크,130,760,1,26.4,0.74%,3.73%,높음,10
매장CCTV설치,50,90,1.9,3.8,3.56%,4.11%,높음,10
업소CCTV,10,30,0.4,1.4,4.4%,4.38%,높음,9
상가CCTV,70,210,1.1,8,1.45%,3.67%,높음,10
카페CCTV,50,90,1.2,2,2.5%,2.28%,높음,10
NVR녹화기,180,310,1,2.3,0.57%,0.78%,높음,8
시시카메라,40,180,0.2,7.1,0.47%,4.56%,높음,10
부산CCTV설치업체,20,30,1.5,2.2,5%,10.48%,높음,10
사무실씨씨티비,10,30,0.1,0.3,0.74%,0.84%,높음,8
편의점CCTV,10,100,0,0.3,-,0.26%,중간,8
KT캡스,70,140,0.9,9.4,1.34%,5.95%,높음,10
TELECOP,10,30,0,0,-,-,낮음,0
감시카메라설치,10,90,0,4.9,-,5.53%,높음,9
업소용CCTV,60,300,0.7,9,1.19%,3.3%,높음,10
CCTV폴대,290,200,6.4,10,2.37%,5.11%,높음,8
옥외CCTV,60,50,0.8,1.8,1.16%,3.44%,높음,8
LG지능형CCTV,20,10,0.1,0,0.72%,-,높음,7
건물CCTV,20,70,0.3,1.9,1.06%,2.73%,높음,7
사무실CCTV설치비용,10,10,0.4,0.5,2.68%,3.85%,높음,7
MGV,110,240,0,0,-,-,높음,7
MGV보안시스템,10,10,0,0,-,-,중간,2
새콤,260,590,2.9,14.5,1.17%,2.66%,중간,5
유플러스지능형CCTV,30,10,0.1,0.3,0.56%,1.76%,높음,7
CAPS,480,870,0.6,3,0.13%,0.36%,높음,10
CAPSCCTV,10,10,0.7,0.8,3.71%,7.15%,높음,7
CCTV도어락,10,70,0,1.7,-,2.28%,높음,9
CCTV신청,10,40,0,1.3,-,2.91%,높음,7
CCTV캡스,10,20,0.4,2,2.18%,7.41%,높음,10
CCTV현관,10,90,0,2,-,2.05%,높음,8
CCTV홈캠,10,90,0,2.3,-,2.21%,높음,8
가정보안,< 10,10,0,1.5,-,8.83%,높음,7
가정용CCTV설치,20,70,0.1,3.6,0.63%,5%,높음,10
가정용보안,< 10,< 10,0.3,0,7.15%,-,높음,7
가정용실외CCTV,30,30,0.1,0.3,0.37%,0.72%,높음,8
가정용외부CCTV,< 10,30,0,0.5,-,1.79%,높음,8
가정집CCTV,60,170,1.6,9,2.86%,5.02%,높음,10
가정집CCTV설치,10,30,0.4,1.8,4%,5.74%,높음,10
개인CCTV,40,30,0,1,-,2.28%,높음,10
개인CCTV설치,10,20,0.1,1,1.2%,4.35%,높음,7
국산홈CCTV,< 10,40,0,0,-,-,높음,3
녹음되는CCTV,10,50,0,0.8,-,1.32%,높음,8
단독주택캡스,< 10,10,0,0.3,-,2.23%,높음,7
대문CCTV,10,120,0.1,2.5,0.84%,2.32%,높음,8
대문앞CCTV,< 10,10,0,0.3,-,1.93%,낮음,0
도어센서,240,480,0.6,2.5,0.27%,0.54%,높음,8
무선캠,20,80,0,1.3,-,1.71%,높음,8
무인경비시스템,80,30,1.1,1.1,1.42%,3.04%,중간,7
문앞CCTV,90,520,2,22.8,2.11%,4.59%,높음,8
문열림센서,280,"1,010",2,13.8,0.72%,1.46%,높음,8
방범벨,30,70,0,1.3,-,1.69%,높음,8
방범업체,20,50,0.3,1,1.37%,1.97%,높음,7
스마트도어벨,240,620,3.1,7.8,1.34%,1.26%,높음,8
스마트홈캠,40,160,0.5,2.8,1.36%,1.53%,높음,8
실외CCTV카메라,10,50,0.1,0,0.7%,-,높음,8
아파트1층보안,< 10,20,0,0,-,-,높음,8
아파트개인CCTV,< 10,30,0.2,0.3,2.33%,0.87%,중간,5
아파트보안,20,60,0.1,1,0.46%,1.52%,높음,10
아파트캡스,10,50,0.3,3.6,3.45%,7.55%,중간,6
아파트현관CCTV설치,30,90,0.1,3.8,0.36%,3.35%,높음,8
얼굴인식,490,"1,610",1.9,3,0.42%,0.2%,높음,10
오피스텔CCTV,< 10,60,0,0.3,-,0.4%,높음,10
인체감지센서,270,400,2.4,5.8,0.9%,1.46%,높음,8
적외선경보기,10,150,0.3,1.8,1.79%,1.18%,높음,8
집내부CCTV,< 10,10,0.1,0.3,7.15%,2.44%,높음,7
집안CCTV설치,< 10,20,0,0.8,-,3.95%,높음,7
집앞CCTV,90,570,0.6,18,0.69%,3.3%,높음,10
집현관CCTV,10,30,0,2,-,6.9%,높음,8
출입문CCTV,10,50,0.1,1.3,0.74%,2.36%,높음,8
출입문보안,20,30,1,0,4.35%,-,높음,7
출입보안,20,10,0.4,0.7,2.15%,3.23%,높음,7
캡스가격,50,170,0.4,4.8,0.78%,2.61%,높음,10
캡스가정용CCTV,< 10,< 10,0,0,-,-,높음,7
캡스견적,10,20,0.8,2,4.17%,8.34%,중간,8
캡스뷰가드,"3,010",170,3.2,1.3,0.12%,0.77%,높음,9
캡스비용,130,550,2.6,14,2.19%,2.67%,높음,10
캡스설치,30,100,0.3,1.3,0.81%,1.29%,높음,10
캡스요금,20,40,0.2,2.3,1.18%,5.49%,높음,10
캡스지원금,< 10,20,0.5,3.8,7.85%,13.89%,높음,9
캡스할인,10,30,0,0.8,-,2.84%,중간,7
캡스현관,< 10,30,0,0.6,-,2.36%,높음,7
캡스현관CCTV,10,70,0.8,2.3,4.69%,2.75%,높음,8
캡스현관문,< 10,10,0.4,0.5,21.43%,5.27%,높음,7
캡스홈,780,"2,460",7.7,49.8,1.03%,2.14%,높음,9
캡스홈도어,10,60,0.6,1.8,5.72%,2.86%,높음,7
캡스홈이너가드,10,50,0.5,1.3,4.23%,2.21%,중간,6
캡스홈캠,70,250,1,7.3,1.3%,2.68%,높음,7
켑스,90,300,1.5,6.1,1.63%,2.17%,중간,5
현관문도어가드,20,40,0.3,0,1.52%,-,높음,3
현관문방범,10,40,0,0.3,-,0.55%,높음,8
현관문보안,30,140,0,3.5,-,2.29%,높음,10
현관문캡스,< 10,40,0.6,1.3,8.17%,3.48%,높음,7
현관보안카메라,< 10,10,0.3,1,4.77%,6.25%,높음,7
현관씨씨티비,20,170,0.7,6,2.26%,3.66%,높음,10
현관앞CCTV,50,370,0.8,9.2,1.36%,2.72%,높음,10
현관용CCTV,20,60,0.1,2,0.5%,3.64%,높음,8
현관카메라,140,460,1.8,15,1.21%,3.35%,높음,8
현관캠,30,160,0.5,4.5,1.48%,3.15%,높음,8
현관캡스,< 10,40,0,2,-,6.8%,높음,7
홈가드,30,250,0.1,2.8,0.32%,1.13%,높음,10
홈시시티비,10,90,0,3,-,3.62%,높음,8
홈씨씨티비,120,660,0.9,19.5,0.71%,3.03%,높음,8
홈카메라추천,50,220,1.3,7,2.61%,3.23%,높음,8
HD-SDI카메라,40,10,0.4,0,1.05%,-,높음,7
무인포스기,20,130,0.8,2.5,2.28%,1.61%,높음,8
주택CCTV,90,270,0.4,10.8,0.43%,3.99%,높음,10
CCTV세트,290,260,1.1,7,0.39%,2.93%,높음,8
아파트현관CCTV,210,950,4,32.8,1.97%,3.54%,높음,8
CCTV폴,80,20,2.4,1.5,3.3%,5.56%,높음,8
CCTV비용,70,270,1.1,8.8,1.55%,3.43%,높음,7
NVR가격,10,10,0.3,0,2.57%,-,높음,3
가정용CCTV가격,10,170,0.3,10.4,2.15%,6.2%,높음,10
핸드폰CCTV,20,130,0.1,0.5,0.53%,0.39%,높음,7
360도CCTV,30,70,1.1,1.3,3.13%,1.96%,높음,8
방범CCTV설치,< 10,< 10,0,0.3,-,4%,높음,7
학원CCTV설치,20,50,0.4,2.6,2%,4.73%,높음,10
돔형카메라,20,10,0.3,0,1.59%,-,높음,7
CCTV가정용,50,90,0.3,3.5,0.5%,3.58%,높음,8
IOTCCTV,10,20,0.1,0.3,0.7%,0.9%,높음,8
LG홈CCTV,10,30,0.2,0,1.39%,-,중간,5
매장CCTV가격,< 10,10,0,1.4,-,12.83%,높음,7
매장CCTV추천,20,40,0.5,1.3,1.67%,2.46%,높음,8
매장인터넷CCTV,< 10,< 10,0,0.3,-,3.23%,높음,7
실내용CCTV,30,70,0.1,1.5,0.34%,2.03%,높음,8
KT씨씨티비,40,190,0.3,5.8,0.74%,3.07%,높음,10
차량용CCTV,60,270,0.4,6.8,0.69%,2.7%,높음,8
CCTV모니터,520,"1,060",2,6.5,0.41%,0.67%,높음,8
화재감지CCTV,30,10,2.4,0,7.36%,-,높음,7
집CCTV,90,410,0.9,11,1.19%,2.84%,높음,10
보안,"2,890","4,830",1.6,6,0.06%,0.13%,높음,10
가정용CCTV추천,60,160,1.9,4.5,3.03%,3.17%,높음,8
CCTV렌탈비용,30,120,0.5,13,1.48%,10.49%,높음,10
감시카메라가격,40,80,0.2,2.8,0.44%,3.72%,높음,10
CCTVDVR,130,100,0.3,0.5,0.19%,0.47%,높음,8
CCTVTJFCL,< 10,< 10,0,0,-,-,높음,7
CCTV돔형,20,< 10,0,0,-,-,높음,7
CCTV세콤,< 10,10,0.7,1.3,11.91%,7.47%,높음,7
CCTV소형,10,40,0,0.8,-,2.09%,중간,6
CCTV창업,10,30,0.9,1,6.57%,3.04%,높음,10
CCTV하우징,40,20,0.1,0,0.27%,-,높음,8
POS업체,10,< 10,0,0.4,-,6.9%,높음,7
S1SMARTVIEWER,20,< 10,0,0,-,-,중간,2
VRN-10003,< 10,< 10,0,0,-,-,낮음,0
VRN-1116,< 10,< 10,0,0,-,-,중간,1
VRN10001,< 10,< 10,0,0,-,-,낮음,0
가평CCTV,50,170,0,0.5,-,0.29%,높음,9
버스CCTV,30,260,0.1,0.8,0.39%,0.31%,중간,8
보안CCTV설치,< 10,< 10,0,0,-,-,높음,7
세콤고객센터,980,"2,790",5,121.6,0.55%,4.71%,중간,3
승강기CCTV,< 10,10,0.4,0.5,4.77%,3.34%,높음,7
씨씨티비카메라,< 10,50,0,2.8,-,5.19%,높음,8
야외CCTV설치,10,50,0.2,1.9,1.36%,4.24%,높음,9
와이파이카메라,110,420,1.3,7.5,1.05%,1.88%,높음,8
외부카메라,20,70,0.4,0.5,2.03%,0.77%,높음,8
웹CCTV,< 10,< 10,0,0.3,-,3.71%,높음,7
웹카메라,210,190,0.4,1,0.19%,0.58%,높음,8
적외선CCTV,30,70,0.1,1,0.4%,1.32%,높음,8
펫카메라,30,210,0.5,3,1.29%,1.37%,높음,8
KT인터넷CCTV,30,100,0.5,5.3,1.57%,5.28%,높음,10
CCTVPOE허브,20,10,0.3,0,1.97%,-,높음,3
CCTV렌즈,20,30,0.1,0,0.39%,-,높음,9
CCTV분할기,< 10,10,0.7,0,13.05%,-,중간,5
CCTV함체,100,40,1.3,2.5,1.23%,5.21%,높음,8
카메라브라켓,150,180,1.3,2,0.89%,1.15%,높음,8
소형CCTV,180,820,0.6,5.5,0.35%,0.61%,높음,8
엘지홈CCTV,< 10,< 10,0,0.3,-,2.78%,낮음,0
CCTV가격비교,70,20,0.5,1.8,0.77%,7.85%,높음,9
고화질CCTV,90,110,0,1.8,-,1.53%,높음,8
CCTV대여,20,40,1.2,2.1,5.72%,4.7%,높음,10
LG유플러스지능형CCTV,10,< 10,0.1,0,1.43%,-,높음,7
실내CCTV,80,230,0.5,3.3,0.6%,1.51%,높음,8
강아지홈CCTV,< 10,30,0,1.5,-,4.42%,높음,8
음식점CCTV,20,50,0,0,-,-,높음,7
CCTV수리,100,250,1.7,6,1.59%,2.51%,높음,10
CCTV수리업체,50,130,1.3,5.9,3.25%,5.36%,높음,10
사무실보안업체,10,10,0.7,1.3,6.5%,6.95%,높음,7
집CCTV설치,10,40,0.7,1.8,6.37%,4.29%,높음,10
인온CCTV,< 10,< 10,0,0.4,-,6.67%,중간,2
원격CCTV,20,50,0,0.5,-,0.85%,높음,7
회사CCTV설치,10,20,0,0.3,-,1.39%,높음,7
파노라마카메라,40,90,0,0,-,-,높음,3
보안CCTV,20,60,0.6,2.6,2.07%,3.67%,높음,10
브이캠,10,10,0,0.9,-,5.56%,중간,1
초소형CCTV,320,"1,700",2.1,33.5,0.74%,2.14%,높음,8
인터넷CCTV설치,10,20,0.6,2.3,5%,8.04%,높음,10
4채널CCTV,80,260,0.5,2,0.6%,0.8%,높음,8
KTCCTV설치,150,430,3.2,19.4,2.14%,4.62%,높음,10
무선CCTV추천,20,40,0.1,2.3,0.47%,5.63%,높음,8
안전관리CCTV,< 10,< 10,0.1,0.5,2.86%,16.67%,높음,7
이동식카메라,60,360,0.2,2.8,0.32%,0.78%,높음,10
CCTV어플,50,330,0,1,-,0.33%,높음,9
사업장CCTV,20,60,0.2,2.2,0.72%,3.61%,높음,10
인공지능CCTV,20,110,0.4,0.3,1.79%,0.23%,높음,7
LGU플러스지능형CCTV,< 10,< 10,0,0,-,-,높음,3
도어CCTV,40,110,0.6,2.3,1.79%,2.14%,높음,8
현관문카메라,60,260,0.8,9.5,1.18%,4%,높음,8
동작감지CCTV,20,50,0,1.3,-,2.29%,높음,8
CCTV가입,10,10,0,0.3,-,1.93%,높음,7
CCTVKT,40,50,0.8,0.5,2.08%,1%,높음,9
아파트CCTV,100,410,0.2,2.5,0.21%,0.65%,높음,10
홈CCTV가격,< 10,50,0,4.2,-,8.3%,높음,10
어린이집CCTV,80,270,0.3,0.2,0.38%,0.09%,높음,10
캡스홈CCTV,40,120,0.6,1,1.47%,0.93%,높음,7
CCTV부자재,10,20,0.3,0.5,2.39%,2.16%,높음,7
원룸CCTV설치,10,70,0.4,4,2.23%,6.16%,높음,10
에스원CCTV설치,< 10,< 10,0.2,0,1.97%,-,중간,6
12V5A,220,180,1.4,2.5,0.67%,1.5%,높음,8
CCTV테스터,< 10,10,0.1,0.5,1.57%,3.34%,높음,8
DVR카드,< 10,< 10,0,0,-,-,높음,3
CCTV전문업체,70,20,0.2,2.3,0.25%,7.76%,높음,10
CCTV경비,< 10,< 10,0,0.3,-,10%,높음,7
S1CCTV,20,20,0.1,2.3,0.65%,9.1%,높음,7
S1보안,10,10,0.5,0.3,4.88%,2.5%,중간,4
세콤가입,< 10,< 10,0,0,-,-,중간,4
세콤경비,20,40,0.4,1.2,1.77%,3.34%,중간,5
에스원가격,20,80,0.3,1.8,1.27%,2.32%,높음,9
에스원가입,< 10,10,0,0.6,-,5.13%,높음,7
에스원비용,20,60,0.5,0,2.26%,-,높음,7
에스원설치,20,30,0.4,0.8,1.83%,2.42%,중간,8
올래CCTV,< 10,< 10,0,0.3,-,5.56%,높음,7
무인감시카메라,30,130,0.2,5.3,0.58%,4.61%,높음,10
창고CCTV,30,40,0.4,1,1.59%,2.95%,높음,7
현관CCTV추천,50,250,0.8,9.3,1.48%,3.96%,높음,8
CCTV견적,70,120,1.8,6,2.47%,5.89%,높음,10
실외용CCTV,70,300,0.8,2,0.99%,0.69%,높음,8
KT기가아이즈,550,450,2.2,10.6,0.44%,2.44%,높음,10
세콤가격,30,110,0.6,4.6,1.67%,4.25%,중간,5
세콤설치,20,50,0.7,2.8,2.84%,6.9%,중간,6
LGUCCTV,10,20,0,1.5,-,6%,높음,7
CCTV업체추천,30,80,0.9,4.6,2.73%,5.17%,높음,10
사무실세콤,10,< 10,0.5,0,5%,-,높음,7
KT시시티비,< 10,20,0,0,-,-,높음,7
실외무선CCTV,60,150,0.3,2.3,0.38%,1.59%,높음,8
올레KTCCTV,< 10,10,0.1,1,4.77%,12.5%,높음,7
세콤비용,120,590,3.5,25,3.06%,4.45%,중간,5
CCTV시공,10,10,0.3,0.3,1.91%,2.09%,높음,7
불꽃감지CCTV,< 10,10,0,0,-,-,높음,3
캡스CCTV가격,10,80,0.2,2.8,1.18%,2.93%,높음,10
CCTV교체,30,50,0.2,1.5,0.63%,2.73%,높음,10
세콤CCTV,250,600,2,20.4,0.8%,3.56%,높음,10
LGUPLUSCCTV,< 10,< 10,0.3,0,5.72%,-,높음,7
KT,"241,200","336,300",67.4,366.6,0.04%,0.13%,높음,10
KTGIGAEYES,90,80,0.3,2.3,0.36%,3.05%,높음,10
방범,280,720,0.1,2.5,0.05%,0.38%,높음,8
LG씨씨티비,< 10,30,0.3,2.3,3.75%,8.04%,높음,10
씨씨티브이,30,50,0,1.8,-,3.5%,높음,7
야외무선CCTV,30,100,1.1,2.5,3.52%,2.46%,높음,8
에스원요금,10,10,0.2,0,1.24%,-,중간,6
외부용CCTV,50,110,0.5,2,1.09%,2%,높음,8
저렴한CCTV,10,10,0.4,0.8,4.29%,4.17%,높음,7
CCTV임대,20,40,0.6,3.2,2.4%,7.81%,높음,10
CCTV판매,100,40,0.3,1.3,0.25%,2.91%,높음,8
사설CCTV,20,30,0.5,1.7,2.64%,5.27%,높음,10
핀홀카메라,100,170,0,4.8,-,2.94%,높음,8
경비업체,320,720,7.3,20.2,2.34%,2.91%,높음,10
CCTV설치하기,< 10,< 10,0,0.3,-,4.17%,높음,8
CCTV카메라설치,30,40,0.3,0.3,0.68%,0.53%,높음,8
주차장CCTV설치,10,30,0.1,2.8,0.9%,9.17%,높음,7
올레CCTV,40,70,0.3,1.5,0.77%,2%,높음,10
태양광CCTV,390,"1,030",4,16,1.06%,1.56%,높음,8
GIGAEYES,350,410,1.1,2.3,0.35%,0.6%,중간,3
에스원안심,30,30,0,0,-,-,높음,3
시스템경비,10,< 10,0.4,0.3,3.58%,3.58%,높음,7
LGU+우리가게,< 10,< 10,0.3,0,11.12%,-,높음,3
자취CCTV,< 10,40,0,0.3,-,0.7%,높음,8
올레씨씨티비,< 10,< 10,0,0,-,-,높음,7
CCTV전용회선,10,< 10,0,0,-,-,높음,3
KTCC,80,70,1,3,1.28%,3.9%,높음,7
KT도어가드,< 10,10,0,0.3,-,1.59%,높음,3
KT텔레캅가입,< 10,10,0.9,0.8,28.58%,5.77%,높음,7
KT텔레캅지문인식기,< 10,< 10,0.3,0,8.34%,-,높음,3
KT텔레캅요금,30,130,0.7,8.9,2.92%,7.43%,높음,10
독거노인CCTV,30,110,0.4,5.2,1.34%,5.14%,높음,10
KT보안카메라,< 10,10,0.1,2.3,2%,13.24%,높음,10
CCTV설치견적,20,20,1,0.8,4%,4.45%,높음,7
경비보안업체,20,30,0.4,0.3,1.58%,0.76%,높음,7
방범카메라,70,150,0.8,3.3,1.08%,2%,높음,8
KT세콤,< 10,20,0,0,-,-,중간,6
KTCCTV결합,< 10,10,0.7,0,33.34%,-,높음,3
CCTV연결,20,70,0.3,0.8,1.3%,1%,높음,7
IOT홈CCTV,< 10,< 10,0,0,-,-,높음,7
올레CCTV텔레캅,10,20,0,0.3,-,1.14%,중간,8
KTCTV,< 10,< 10,0.3,0,5.56%,-,높음,3
LGUPLUS지능형CCTV,< 10,< 10,0.3,0,5.56%,-,높음,3
LG사장님,< 10,< 10,0,0,-,-,낮음,0
부산CCTV,490,"1,420",2.5,11.8,0.57%,0.91%,높음,10
현관문캠,< 10,50,0.1,2,1.25%,4.11%,높음,8
KTCCTV인터넷,10,30,0.7,1,5.11%,4.17%,높음,7
CCTV브랜드,20,50,0,0.5,-,0.99%,높음,7
공장CCTV,50,60,2,1,3.64%,1.54%,높음,7
CCTVIP카메라,10,20,0.1,0.8,1.03%,2.71%,높음,7
네트워크카메라,100,100,0.3,1,0.23%,1.02%,높음,8
KT자가경비,60,110,1.1,8.4,1.68%,6.49%,중간,8
KT텔레캅CCTV,610,"1,020",3.8,26.8,0.65%,2.74%,높음,10
KT올레,"4,140","2,140",0.9,4.4,0.03%,0.23%,높음,10
업장CCTV,< 10,10,0,0.5,-,5.89%,높음,7
현장CCTV,30,40,0.6,0.2,2.05%,0.56%,높음,7
자이뷰,50,20,0.3,0,0.73%,-,높음,3
무인카메라,70,320,1.1,6.6,1.55%,2.17%,높음,10
빌라CCTV설치,30,120,0.5,4.4,1.52%,3.26%,높음,10
카메라설치,30,160,1.5,7,4.06%,4.46%,높음,8
KTOLLEHCCTV,< 10,< 10,0,0,-,-,높음,7
CCTVCAMERA,10,10,0,0.3,-,1.93%,높음,8
CCTVLG,< 10,10,0.8,1.3,10.91%,7.25%,중간,8
CCTV에스원,10,20,0.1,0.5,1.2%,2.54%,높음,7
CCTV인터넷설치,< 10,10,0,1,-,7.41%,높음,7
CCTV화소,60,50,0.1,1.3,0.23%,2.42%,높음,7
LGU플러스보안,< 10,10,0,0.3,-,1.57%,높음,3
고시원CCTV,< 10,10,0,0.3,-,2.28%,높음,7
매장보안,< 10,10,0,0,-,-,높음,7
술집CCTV,< 10,30,0,0,-,-,높음,7
식당CCTV설치,< 10,30,0,3.8,-,10.56%,높음,10
천장CCTV,10,40,0.1,0.8,1.14%,1.75%,높음,8
펜션CCTV,< 10,20,0,0,-,-,높음,7
통신사CCTV,20,70,0.2,4.7,0.77%,6.22%,높음,10
야외CCTV,140,500,1.9,10.8,1.25%,2.24%,높음,8
KTTELECOP,370,380,0.8,4,0.23%,1.11%,높음,10
KT보안,210,330,0.4,3.2,0.25%,1.33%,높음,10
영상보안,10,< 10,0,0.3,-,3.58%,높음,7
KTCCTV렌탈,< 10,10,0.4,1.5,5.36%,11.54%,높음,7
문CCTV,10,90,0.1,2.7,1.03%,3.1%,높음,7
KT가정용CCTV,20,50,0.6,6,3%,10.67%,높음,10
HOMECCTV,< 10,< 10,0.1,0,1.79%,-,높음,7
KT홈CCTV,10,70,0.7,4.5,3.89%,6.53%,높음,10
KT기가아이,< 10,20,0.7,0.5,7.15%,2.78%,높음,7
유플러스지능형,< 10,< 10,0,0.3,-,14.29%,낮음,0
KT홈카메라,10,50,0.4,1.5,3.08%,2.42%,높음,10
KTCCTV설치비용,30,230,1.4,14.7,5.39%,8.68%,높음,10
올레텔레캅,10,10,0.4,0.8,4.77%,6.98%,높음,7
KT텔레캅비용,10,40,0,1.1,-,2.59%,중간,7
KT지능형CCTV,< 10,< 10,0,0,-,-,높음,7
KT방범,10,20,0.9,2,4.5%,7.15%,높음,10
U+우리가게패키지,70,40,2.2,0.6,3.14%,1.38%,중간,8
LG보안업체,< 10,20,0,0.3,-,1.37%,중간,4
4KCCTV,60,110,0.6,2.3,1.06%,1.94%,높음,8
500만화소CCTV,80,150,0.1,3.8,0.15%,2.76%,높음,8
8채널CCTV,50,90,0.1,1.3,0.22%,1.46%,높음,8
CCTV2채널,20,60,0.1,0.5,0.61%,0.81%,높음,7
CCTV4채널,60,200,0.5,1.8,0.77%,0.91%,높음,8
CCTV500만화소,40,60,0.3,1.3,0.6%,2.36%,높음,8
CCTVNVR,140,100,0,0.5,-,0.52%,높음,8
CCTV관제,80,100,0.6,1,0.73%,1.01%,높음,7
CCTV녹화,30,90,0,0.8,-,0.82%,높음,9
CCTV단기렌탈,< 10,< 10,0.3,0,4.77%,-,높음,7
CCTV대리점,< 10,20,0.1,1.8,1.79%,7.3%,높음,7
CCTV보안업체,40,60,1.1,4.6,2.75%,7.08%,높음,10
CCTV비교,< 10,< 10,0.1,0,3.58%,-,높음,7
CCTV사무실,< 10,10,0,0.8,-,4.42%,높음,8
CCTV사양,< 10,< 10,0,0,-,-,높음,7
CCTV설치문의,< 10,10,0.1,1.6,4.77%,15.79%,높음,7
CCTV설치방법,90,210,0.9,8.3,0.93%,4.33%,높음,10
CCTV실외,20,70,0.1,0.3,0.6%,0.32%,높음,8
CCTV야외용,< 10,20,0.1,0.3,4.77%,1.39%,높음,7
CCTV약정,< 10,20,0.6,0.5,6.35%,2.5%,높음,7
CCTV와이파이,20,80,0.8,0.3,3%,0.32%,높음,8
CCTV월사용료,< 10,< 10,0.6,0.3,8.17%,3.58%,높음,7
CCTV유지보수,40,30,0,1.5,-,3.95%,높음,10
CCTV음성,70,200,0.3,0.8,0.4%,0.38%,높음,10
CCTV저장기간,110,560,0,2.8,-,0.51%,높음,10
CCTV패키지,< 10,10,0,0.5,-,4.17%,높음,8
CCTV화질,30,80,0,0,-,-,높음,7
CCTV회사,40,90,0.4,1.8,1.03%,1.69%,높음,10
CC티비설치,< 10,110,0.1,9.2,1.43%,7.74%,높음,10
LG유플러스보안,10,20,0,0,-,-,높음,3
가게보안,< 10,10,0.3,0.5,5.72%,5%,높음,7
가게씨씨티비,< 10,40,0,2.3,-,4.4%,높음,10
가게용CCTV,10,20,0,1,-,5%,높음,8
경비보안,60,110,0,0.8,-,0.68%,높음,10
공동주택CCTV,20,10,0,0,-,-,높음,7
기업CCTV,10,< 10,0,0.3,-,4.17%,높음,7
녹화용CCTV,10,30,0,0,-,-,높음,8
다가구주택CCTV,< 10,< 10,0.6,0.8,11.43%,8.34%,높음,7
다세대주택CCTV,< 10,< 10,0,0,-,-,높음,7
무인점포CCTV,< 10,10,0,0,-,-,높음,7
방범CCTV,80,150,0,1,-,0.68%,높음,10
밭CCTV,< 10,10,0,0,-,-,높음,8
블루투스CCTV,20,110,0.6,2.3,2.28%,2.13%,높음,10
사무실CCTV추천,20,20,0.1,1.5,0.66%,5.56%,높음,8
상가보안,< 10,10,0.1,1.5,14.29%,12.5%,높음,7
상가용CCTV,< 10,< 10,0,0.3,-,6.25%,높음,7
선박CCTV,10,20,0.3,0.5,2.5%,2.28%,높음,8
시골CCTV,10,40,0.3,0.5,1.52%,1.12%,중간,7
시시티브이,50,110,0.3,5.3,0.42%,4.87%,높음,8
씨씨카메라,20,50,0,3.8,-,7.84%,높음,10
씨씨티비업체,10,20,0,0.9,-,3.89%,높음,7
야외용CCTV,50,120,0.4,1.3,0.8%,0.99%,높음,8
어린이집CCTV설치,< 10,10,0.1,0.3,1.43%,1.93%,높음,7
업소용씨씨티비,< 10,20,0.2,1.4,5%,6.15%,높음,10
외부무선CCTV,30,90,0.5,2,1.32%,1.86%,높음,8
원격카메라,50,180,0.2,4,0.45%,2.26%,높음,9
음성녹음CCTV,10,40,0.3,0.8,1.58%,1.6%,높음,10
자가설치CCTV,40,50,0.6,1.5,2.16%,2.47%,높음,8
줌카메라,640,660,0.4,0.8,0.07%,0.12%,높음,10
축사CCTV,10,40,0,1.5,-,3.27%,높음,10
카페CCTV설치,10,10,0,0.5,-,2.64%,높음,7
태양광무선CCTV,30,80,0.4,1.8,1.11%,2.06%,높음,8
폐쇄회로텔레비전,90,100,0,0,-,-,높음,3
학교CCTV,270,650,0,0.8,-,0.11%,높음,10
휴대폰CCTV,10,70,0.1,0,0.7%,-,높음,8
전원주택CCTV,70,100,0.7,3.4,0.88%,3.51%,높음,10
KTCCTV고객센터,180,650,4.7,52.1,2.87%,8.79%,중간,6
CCTV요금,< 10,20,0.5,0.8,9.76%,3.13%,중간,8
외부CCTV설치,30,60,1,2.8,2.86%,3.72%,높음,8
케이티텔레캅CCTV,30,30,0.1,3,0.29%,5.46%,높음,10
음식점포스기,80,100,1.2,2.6,1.37%,2.21%,높음,10
사장마켓,110,150,5.8,9.5,6.42%,6.97%,중간,5
전기차화재예방,50,20,1.6,0.2,2.97%,0.91%,높음,7
유플러스우리가게패키지,60,50,0.8,2.4,1.39%,4.57%,중간,7
KT텔레캅기가아이즈,10,10,0,0,-,-,중간,4
경주CCTV설치,10,20,0.3,1.3,3.34%,4.81%,높음,10
케티텔레캅,< 10,< 10,0,0.3,-,8.34%,높음,7
홈캠KT,< 10,40,0.3,3.5,2.6%,7%,높음,7
사이버보안,640,"1,020",0.6,2.6,0.1%,0.27%,높음,10
KTCCTV요금,30,210,2,17.4,4.77%,7.57%,높음,10
보안회사,140,340,2,3,1.39%,0.88%,높음,10
CCTV서비스,< 10,< 10,0.3,0.8,9.53%,15.79%,높음,7
CCTV저장장치,30,50,0,0,-,-,높음,7
거실CCTV,10,70,0,1.5,-,2.46%,높음,8
CCTV카메라가격,20,140,0.6,8.5,3.13%,7.15%,높음,8
KT감시카메라,< 10,20,0.3,2.5,7.15%,12.5%,높음,7
무인경비업체,50,40,2.2,0.4,4%,1.05%,중간,7
CCTV구입,< 10,10,0,0.8,-,3.58%,높음,7
CCTV셋트,20,30,0.6,1,2.24%,2.64%,높음,8
CCTV제조,< 10,< 10,0.1,0,3.58%,-,높음,7
사무실경비,10,10,0.1,0,1.59%,-,높음,7
사무실용CCTV,10,20,0,0,-,-,높음,7
사업장CCTV설치,10,20,0.6,0,3.18%,-,높음,7
세콤견적,10,10,0.5,0.7,3.27%,5.72%,중간,6
유플러스보안,10,40,0,0,-,-,높음,3
CCTV클라우드,20,30,0.5,1.8,1.93%,5.31%,높음,8
홈도어가드,10,40,0.3,0.8,1.91%,2.03%,높음,7
KTCCTV비용,10,30,0.1,2.3,0.84%,5.65%,높음,10
CCTV거치대,190,690,2.6,3.3,1.51%,0.52%,높음,8
KT텔레캅가정용,< 10,< 10,0,0.3,-,3.71%,높음,7
요양원CCTV,20,50,0.2,0,1.06%,-,높음,9
보안카메라설치,10,60,0.5,1.5,4.28%,2.46%,높음,10
KT보안업체,60,100,0.6,7.8,1.04%,7.32%,높음,10
아파트CCTV설치,50,140,0.7,3.7,1.6%,2.78%,높음,10
CCTV직접설치,< 10,< 10,0.1,0.3,2.09%,3.58%,높음,8
간편CCTV,< 10,< 10,0,0,-,-,높음,3
헬스장출입관리,40,30,3,0.6,8.41%,1.83%,높음,10
KT경비,10,20,0.8,0.9,6.58%,4.29%,중간,6
시시티비설치,10,280,0.1,18.8,0.48%,6.65%,높음,10
CCTV분배기,30,60,0.3,0.6,0.8%,1.04%,높음,7
소형감시카메라,40,240,0.8,8.1,2.18%,3.55%,높음,10
CCTV인터넷,30,80,0.7,2.4,2%,2.86%,높음,10
가정용캡스,20,80,0.5,2,2.34%,2.51%,높음,10
씨씨티브,< 10,30,0,1.2,-,3.43%,높음,10
LG우리가게패키지,20,20,0.1,1,0.6%,4.35%,중간,8
KT캅,10,10,0.4,0.5,2.55%,3.13%,높음,7
경비업체순위,90,280,0.9,8,0.96%,2.87%,높음,10
국내보안업체,10,60,0,0.3,-,0.37%,높음,7
보안경비,40,210,0,1.5,-,0.82%,높음,10
보안경비업체,40,40,2,1.2,5%,3.08%,높음,10
보안업체가격,20,110,1.5,6.2,5.56%,6.02%,높음,10
보안업체순위,120,480,1.4,6.7,1.12%,1.44%,높음,10
엘지유플러스우리가게패키지,20,< 10,2.8,0.3,11.54%,25%,높음,7
KT텔레콤CCTV,10,20,0.4,1,4.77%,4.77%,높음,7
LGU+우리가게패키지,10,< 10,0.1,0.4,1.12%,6.67%,높음,7
CCTV실시간,510,"2,470",0,5,-,0.22%,높음,10
돔형CCTV,40,50,0.3,1.5,0.59%,3.27%,높음,8
케이티기가아이즈,20,30,0,1.3,-,3.58%,높음,9
KT무인경비,< 10,< 10,0,0,-,-,높음,7
KT기가CCTV,10,< 10,0.3,0.8,2.6%,8.83%,높음,7
CCTV자가설치,250,320,1.6,6.5,0.68%,2.2%,높음,8
시골CCTV설치,10,40,0.4,3.8,3.58%,7.08%,높음,7
KT홈캠,430,"1,540",5.4,49.8,1.35%,3.31%,높음,10
LGU플러스우리가게패키지,< 10,< 10,0,0,-,-,중간,4
KT캅스,40,100,1,6.3,2.31%,6.58%,높음,10
CCTV월요금,10,20,0.1,0.6,1.43%,2.64%,높음,7
화재감시카메라,< 10,10,0,0,-,-,높음,7
엘리베이터CCTV,30,110,0.3,1,0.9%,1.02%,높음,7
보안용품,50,30,1.3,2.3,2.43%,7.04%,높음,7
시큐리티업체,< 10,< 10,0,0.6,-,20%,높음,7
공사현장CCTV,30,50,1.5,0.8,3.85%,1.64%,높음,10
세콤가정용,< 10,10,0,0,-,-,높음,3
세콤출퇴근,10,< 10,0.1,0,0.91%,-,높음,7
에스원가정용,< 10,10,0,0,-,-,높음,3
인터넷CCTV결합,30,90,2.7,9.6,8.49%,8.93%,높음,7
지능형CCTV가격,< 10,< 10,0.3,0.3,3.64%,4.55%,중간,6
LG유플러스우리가게패키지,10,< 10,0.9,1.4,6.75%,17.86%,중간,6
광진구CCTV,30,70,0.2,0.5,0.63%,0.75%,높음,9
구로CCTV,10,20,0,0,-,-,높음,7
여의도CCTV,100,150,0,0,-,-,중간,5
중랑구CCTV,20,70,0.1,1,0.51%,1.36%,높음,9
AHD,190,300,0.1,0.3,0.06%,0.09%,높음,10
CCTV기계,10,20,0.1,1,1.25%,3.85%,높음,8
CCTV기기,< 10,< 10,0,0,-,-,높음,7
CCTV저장,20,70,0.3,0,1.29%,-,높음,3
CCTV총판,< 10,< 10,0.4,0,8.58%,-,높음,7
IPCAM,170,480,0.4,5.2,0.18%,0.51%,높음,9
IP캠,270,"1,030",1,25.8,0.19%,0.78%,높음,8
POECCTV,100,160,0.3,0.8,0.25%,0.5%,높음,8
녹화기,120,190,0.6,3.3,0.53%,1.69%,높음,8
방수CCTV,10,60,0.3,2.3,1.39%,3.22%,높음,8
스피드돔,40,80,0,0.3,-,0.37%,높음,3
시공사례,80,20,0.3,0.6,0.38%,2.07%,높음,7
열선감지기,100,380,0.3,9.5,0.28%,2.48%,높음,10
주택용CCTV,10,30,0.2,3.4,1.29%,8.29%,높음,9
사무실카메라,40,10,0,0,-,-,높음,8
가짜카메라,20,60,0,1.5,-,2.39%,높음,8
SK텔레캅,30,70,0.3,2,0.84%,3.47%,높음,9
시시티브,< 10,20,0.6,1.5,19.05%,6%,높음,7
초소형감시카메라,100,540,1.8,18,1.77%,3.76%,높음,10
CCTV이전,< 10,< 10,0,0,-,-,높음,7
FXT,130,170,3.2,0.3,2.57%,0.2%,중간,5
플렉스테크닉,10,30,2,0,10.72%,-,중간,3
보안업체CCTV,< 10,< 10,0.4,0,7.15%,-,높음,7
건설현장CCTV,60,40,1.3,2,2%,4.88%,높음,9
랜선,"8,860","10,800",2.9,14.5,0.04%,0.15%,높음,8
전산실공사,< 10,< 10,0,0,-,-,높음,7
가게인터넷,10,110,0.8,7.4,4%,6.67%,높음,10
CCTV녹음,50,230,0,0,-,-,높음,7
KT텔레캅가격,10,30,0,1.5,-,4.84%,높음,7
LG캠,< 10,10,0,0.5,-,2.5%,높음,3
SK캠,< 10,10,0.5,0,12.5%,-,중간,2
개인용CCTV,< 10,20,0.3,1,4.09%,4.77%,높음,7
안심캠,< 10,20,0,0.3,-,1.07%,높음,9
엘지유플러스홈캠,50,170,0.5,4.8,1.12%,2.87%,높음,8
인터넷전화가입,50,70,2.1,5.2,4.29%,7.65%,높음,10
OLLEHCCTV,< 10,< 10,0.3,0,14.29%,-,높음,7
홈캡스,30,140,0.3,3.3,0.81%,2.23%,높음,8
800만화소CCTV,40,40,0.6,0.5,1.43%,1.29%,높음,8
KTCCTV카메라,< 10,30,0,1,-,2.78%,높음,9
교습소CCTV,10,30,0,0.5,-,1.86%,높음,7
교회CCTV,< 10,10,0,0.8,-,4.17%,높음,7
국산CCTV카메라,10,40,0.2,1.5,1.25%,3.58%,높음,10
내부CCTV,< 10,10,0,0,-,-,높음,8
녹화되는CCTV,< 10,30,0,1.5,-,4.55%,높음,8
도로CCTV,"15,700","59,300",6,54.6,0.05%,0.1%,중간,6
돔CCTV,20,20,0.3,0.5,1.25%,2.78%,높음,8
매장씨씨티비,< 10,50,0,0.5,-,1.1%,높음,7
모바일CCTV,10,20,0,0,-,-,높음,7
병원CCTV,40,100,0.1,0.5,0.42%,0.5%,중간,8
보안용CCTV,< 10,< 10,0,0.3,-,4.17%,중간,6
소형무선카메라,20,50,0.6,2,3.73%,3.71%,높음,9
실내무선CCTV,10,10,0.1,0.3,1.14%,2.5%,높음,8
실외CCTV추천,40,130,0.5,6.8,1.2%,5.28%,높음,8
실외용카메라,< 10,10,0,0.3,-,3.58%,높음,3
실외형CCTV,< 10,10,0.1,0.3,1.79%,2.28%,높음,8
쓰레기무단투기CCTV,20,80,0,0.3,-,0.37%,높음,7
엘리베이터CCTV설치,20,10,0.7,0.5,3.34%,2.78%,중간,7
옥외용CCTV,20,40,0.3,0.5,1.1%,1.01%,높음,9
원형CCTV,< 10,< 10,0,0,-,-,높음,7
음성지원CCTV,10,40,0.6,1.8,5.2%,3.89%,높음,7
적외선카메라,530,"1,870",3.1,25,0.61%,1.39%,높음,8
지능형영상분석,< 10,< 10,0.3,0,3.18%,-,높음,7
지하주차장CCTV,50,30,0,0,-,-,높음,7
체육관CCTV,< 10,10,0.7,1.3,17.86%,6.25%,높음,7
승강기CCTV설치,< 10,< 10,0,0,-,-,높음,7
CCTV농막,< 10,< 10,0,0,-,-,높음,3
SKCLOUDCAM,< 10,< 10,0.4,0,11.12%,-,중간,2
씨씨티비가격,10,60,0.1,2.8,0.73%,4.6%,높음,10
아파트CCTV설치비용,10,10,0.9,0.3,7.8%,2.13%,높음,7
자취방CCTV,10,30,0.4,0,3.41%,-,높음,8
방범용CCTV설치,10,30,0.1,1,0.54%,2.86%,높음,9
비투비CCTV,30,20,0.1,0,0.44%,-,높음,7
국내산CCTV,20,60,0.2,1.8,0.84%,2.22%,높음,10
무선감시카메라,60,290,1.5,10.8,2.18%,3.79%,높음,8
불꽃감지카메라,40,10,1.3,0.8,3.3%,4.42%,높음,7
FHDCCTV,< 10,< 10,0,0,-,-,높음,3
빌라CCTV수리,< 10,10,0.1,0.5,14.29%,5%,높음,7
360도카메라,410,"1,240",1.8,16.3,0.45%,1.35%,높음,8
송파CCTV,< 10,30,0,0,-,-,높음,7
이동식CCTV,280,360,7.3,9.3,2.62%,2.72%,높음,8
CCTV800만화소,20,30,0.3,1.3,0.97%,4.47%,높음,8
CCTV통신사,< 10,10,0.1,1.6,1.79%,10.17%,높음,7
CCTV사무실설치,< 10,< 10,0,0,-,-,높음,7
농장CCTV설치,< 10,20,0,1.5,-,9.38%,높음,7
문앞CCTV설치,10,40,0.1,1.5,0.97%,3.95%,높음,8
집앞CCTV설치,20,60,0.5,2.8,3.11%,4.59%,높음,9
CCTV월비용,< 10,< 10,0.6,1.1,14.29%,11.43%,높음,7
SECURITY,"1,670","7,460",0.3,5,0.02%,0.08%,높음,10
200만화소CCTV카메라,< 10,< 10,0,0,-,-,높음,7
500만화소,40,100,0.1,0.8,0.3%,0.9%,높음,8
CCTV공사,60,30,0.2,1.7,0.36%,5.39%,중간,8
CCTV보는법,110,410,0,0,-,-,높음,3
CCTV앱,30,210,0,1.3,-,0.63%,높음,7
CCTV인터폰,< 10,20,0,0,-,-,높음,3
CCTV할부,< 10,10,0.3,0.5,9.53%,5%,높음,7
감시카메라추천,20,< 10,0,0.3,-,4.17%,높음,8
외부씨씨티비,< 10,20,0,0.8,-,3.41%,높음,8
천장형CCTV,10,20,0.1,0,0.97%,-,높음,8
천정형CCTV,< 10,< 10,0,0.5,-,8.34%,높음,8
헬로CCTV,< 10,10,0,0.3,-,2.39%,높음,3
펫캠,540,"2,480",5,44.8,0.96%,1.86%,높음,8
CCTV사이즈,< 10,< 10,0.7,0,9.53%,-,높음,3
물류센터CCTV,< 10,10,0,0.3,-,2.09%,낮음,0
매장CCTV설치비용,20,80,0.2,4.4,0.8%,5%,높음,10
연기감지카메라,< 10,< 10,0,0,-,-,중간,4
차량용DVR,< 10,< 10,0,0,-,-,높음,3
화면분할기,50,40,0,0.8,-,1.64%,높음,8
주택CCTV설치,30,110,0.1,5.8,0.34%,5.38%,높음,10
독서실CCTV,10,40,0,0,-,-,높음,7
빌라CCTV설치비용,< 10,20,0.1,0.5,2.86%,2.18%,높음,7
CCTV이지피스,10,10,0.1,0.3,1.39%,2.09%,높음,8
산불감시카메라,10,< 10,0,0.8,-,13.64%,높음,7
S-1넷뷰어,< 10,< 10,0,0,-,-,중간,1
S-1스마트뷰어,30,10,0.5,0,1.79%,-,중간,2
S1넷뷰어,< 10,< 10,0,0,-,-,중간,1
가정용세콤,10,70,0.7,3.4,7.41%,5.07%,중간,3
경보장치,40,30,0,0,-,-,높음,8
관제,"1,080","1,620",0.6,0.3,0.06%,0.02%,높음,10
도난방지장치,30,30,1.6,0,4.77%,-,높음,7
보안시스템,50,110,0.2,1.6,0.42%,1.46%,높음,9
세콤도어락,30,70,0.7,1.7,2.16%,2.41%,중간,4
세콤매니저매뉴얼,10,< 10,0,0,-,-,중간,1
세콤인터폰,20,30,0,0,-,-,높음,3
세콤출동,< 10,20,0.4,0,12.5%,-,높음,3
아파트1층방범,< 10,20,0,0.5,-,2.18%,높음,8
얼굴인식기,40,20,0.9,0.9,1.95%,3.97%,높음,7
에스원넷뷰어,10,< 10,2.7,0,27.28%,-,중간,1
에스원뷰어,140,20,0,0,-,-,중간,2
에스원비상벨,10,10,0.4,0.4,5.56%,5.27%,중간,2
에스원서비스,< 10,10,0,0.3,-,2.64%,높음,3
에스원스티커,10,40,0,1.9,-,7.41%,중간,2
에스원지문,10,10,0,0,-,-,중간,2
엘리베이터보안,< 10,< 10,0,0,-,-,높음,3
지문인식시스템,10,10,0.9,0,4.87%,-,높음,8
통합관제시스템,40,20,1.3,0,2.8%,-,높음,7
SKCCTV가격,10,50,0.1,1.8,1.59%,4.67%,높음,7
SKTCCTV설치,20,90,1.2,7.9,5%,7.91%,높음,7
영천CCTV,10,40,0,2.3,-,5.12%,높음,7
ADT캡스뷰가드,"1,440",240,3.9,3.3,0.29%,1.3%,높음,9
기업용CCTV,30,< 10,0.1,0,0.39%,-,높음,7
공장경비,10,40,0,0.5,-,1.57%,높음,10
방범설비,< 10,< 10,0,0,-,-,높음,3
방범회사,< 10,10,0,1,-,9.1%,높음,7
울산경비업체,< 10,30,0.7,3,10.45%,8.34%,높음,10
침입방지시스템,40,10,0.1,0,0.24%,-,높음,9
CCTV사용료,< 10,< 10,0.3,0,4.77%,-,높음,7
CCTV금액,10,10,0,0.5,-,3.13%,높음,7
KT보안서비스,< 10,10,0,0.8,-,4.92%,중간,5
에스원카메라,20,20,0.2,0.3,1.14%,1.21%,중간,5
가정CCTV,40,160,0.3,10.8,0.59%,6.37%,높음,8
SKCCTV설치,10,60,1.1,7.5,6.02%,10.41%,높음,7
스피드돔카메라,40,20,0.1,0.3,0.27%,1%,높음,8
팬틸트카메라,30,30,0.1,0.3,0.39%,1.06%,높음,7
PC방CCTV,< 10,10,0,0,-,-,높음,7
CCTV용모니터,100,140,1.1,4.8,1.09%,3.48%,높음,8
농막CCTV,110,270,2.6,6,2.37%,2.2%,높음,8
세컴,60,180,0.5,3.5,0.79%,1.94%,중간,4
출동보안,< 10,< 10,0,0,-,-,높음,7
LG이노텍CCTV,< 10,< 10,0.3,1,16.67%,9.53%,높음,3
산업용열화상카메라,10,10,1.4,0.6,8.41%,5.27%,높음,7
산업용카메라렌즈,< 10,< 10,0,0,-,-,중간,4
설치형열화상카메라,10,< 10,0.3,0,2.39%,-,높음,7
화재감지,20,30,0.7,0,4.38%,-,중간,8
CCTVSK,< 10,10,0.3,1.8,4.09%,13.73%,높음,7
ADT뷰가드PC,10,< 10,1.5,0,11.43%,-,중간,3
감시장비,< 10,20,0,0.3,-,1.32%,중간,5
방범용카메라,20,90,0,1.8,-,2.02%,높음,8
SK텔레콤CCTV,40,120,0.6,7,1.83%,6.09%,높음,10
CCTV각도,30,80,0,0.8,-,0.91%,중간,7
CCTV스티커,110,260,1.4,4.8,1.31%,2.01%,높음,8
현관문CCTV설치,10,40,0.1,2.2,0.72%,6.29%,높음,10
도난방지센서,20,40,0.6,2.8,2.73%,6.12%,높음,10
JWCCCTV,450,"1,080",3.5,25.5,0.83%,2.55%,높음,8
CCTV본체,70,160,0.1,2,0.18%,1.29%,높음,8
광주광역시CCTV,90,260,0.1,1.3,0.11%,0.5%,높음,10
HD-SDI,60,10,0.1,0.3,0.18%,1.39%,높음,8
HD-SDIDVR,< 10,< 10,0.7,0,6.67%,-,높음,3
적외선감지기,160,290,2.8,5.3,1.75%,1.92%,높음,8
CCTV보수,< 10,< 10,0,0,-,-,높음,3
인터넷씨씨티비,< 10,10,0,0.3,-,1.97%,높음,7
클라우드캠,40,50,0.3,1,0.61%,1.93%,높음,7
네트워크CCTV,20,20,0.1,0,0.57%,-,높음,8
CCVT,40,80,0.1,1.3,0.31%,1.4%,높음,7
도난방지카메라,< 10,10,0,0,-,-,높음,3
CCTV적외선카메라,10,< 10,0,0,-,-,높음,7
화재경보시스템,20,20,0.3,0,1.67%,-,높음,3
카메라CCTV,< 10,40,0.1,1,2.39%,2.64%,높음,7
CCTV실내,10,10,0,0,-,-,중간,6
기계경비,260,100,0.1,1,0.05%,0.94%,높음,10
실내카메라,40,130,0.3,1.5,0.76%,1.27%,높음,8
방범서비스,< 10,< 10,0,0.6,-,5.89%,높음,7
가정CCTV설치,< 10,50,0.1,2.5,2.5%,4.63%,높음,10
축사CCTV설치,< 10,40,0.3,2.3,5.72%,5.63%,높음,7
POE인젝터,480,390,2.8,6.8,0.6%,1.83%,높음,8
ADT뷰가드,"4,880",250,0.3,1.5,0.01%,0.64%,높음,9
CCTV녹음기,< 10,< 10,0,0,-,-,높음,3
HD-TVI,< 10,< 10,0,0,-,-,높음,3
SDCCTV,< 10,10,0,0.3,-,1.79%,높음,3
사무실감시카메라,< 10,< 10,0,0,-,-,높음,3
승강기CCTV카메라,< 10,< 10,0.3,0,16.67%,-,높음,3
신호등CCTV,< 10,10,0,0,-,-,높음,3
이지피스CCTV카메라,< 10,20,0.6,0,6.35%,-,높음,7
차량번호식별카메라,< 10,< 10,0,0.3,-,4.17%,높음,3
HD-SDICCTV,< 10,< 10,0,0,-,-,높음,3
보안업체추천,< 10,20,0,1,-,4.77%,중간,8
충전식CCTV,40,100,0.1,0.8,0.33%,0.73%,높음,8
CCTV도매,150,130,4.3,1.8,2.99%,1.43%,높음,10
매장CCTV비용,< 10,10,0,0.3,-,2.5%,높음,7
16채널CCTV,50,10,0.5,0.8,1%,5.36%,높음,8
ADD캡스,10,10,1,0.3,12.5%,2.71%,높음,3
ADT아이,< 10,< 10,0,0,-,-,높음,3
ADT카메라,< 10,10,0,1.1,-,8.7%,높음,7
ADT캡스CCTV카메라,< 10,< 10,0,0,-,-,높음,3
ADT캡스녹화,< 10,< 10,0,0,-,-,높음,3
ADT캡스카메라,10,20,0,0.6,-,2.57%,높음,7
AHD카메라,40,70,0.4,0.5,0.84%,0.75%,높음,8
CCTV200만화소,40,40,0.4,0.8,0.75%,1.39%,높음,8
CCTV검색,20,70,0,0,-,-,높음,3
CCTV관제센터,130,360,0.2,1.3,0.16%,0.38%,높음,10
CCTV관제시스템,< 10,< 10,0,0,-,-,높음,7
CCTV국산,20,100,0.3,1.5,1.03%,1.37%,높음,8
CCTV기업,< 10,< 10,0,0,-,-,낮음,0
CCTV단가,< 10,< 10,0,0,-,-,높음,7
CCTV돔카메라,70,20,0.3,0.8,0.33%,2.89%,높음,8
CCTV모니터링,30,60,0,0,-,-,높음,7
CCTV모니터설치,< 10,30,0,0,-,-,높음,3
CCTV뷰어,30,10,0,0,-,-,높음,7
CCTV선,40,170,0,2,-,1.19%,높음,8
CCTV시스템,20,10,0,0,-,-,높음,7
CCTV안내표지판,30,< 10,0.1,0.5,0.6%,6.25%,높음,7
CCTV인천,< 10,10,0.7,0,8.93%,-,높음,7
CCTV장비,30,30,0.3,0.3,0.63%,0.88%,높음,7
CCTV촬영중,330,160,1.8,2,0.55%,1.31%,높음,8
CCTV카메라업체,< 10,< 10,0,0,-,-,높음,7
CCTV파는곳,< 10,20,0,0,-,-,높음,7
CCTV판매점,< 10,20,0,0.8,-,4.42%,높음,7
CCTV프로그램,50,40,0.1,0,0.21%,-,높음,9
CCTV화각,70,50,0.4,0.3,0.52%,0.42%,중간,8
CCTV확인,230,640,0.2,0.8,0.1%,0.13%,높음,10
IP카메라추천,70,10,0.1,1,0.17%,1.21%,높음,8
NSOKCCTV,10,20,0.9,0.7,5.27%,2.57%,낮음,2
SKT씨씨티비,10,10,0.4,1.4,3.38%,6.85%,높음,7
SK씨씨티비,10,30,0.1,1.8,0.53%,5.15%,높음,10
공원CCTV,20,40,0.1,0.8,0.65%,1.64%,높음,7
공장CCTV추천,10,< 10,0,0.8,-,13.05%,높음,7
캡스관제센터,< 10,< 10,0,0,-,-,높음,3
가짜CCTV,180,480,0.8,7.8,0.43%,1.72%,높음,8
CCTV열화상카메라,< 10,< 10,0,0.3,-,3.58%,높음,7
고정형열화상카메라,< 10,< 10,0.3,0,5.72%,-,높음,7
사설보안업체,< 10,10,0.3,0,2.86%,-,높음,7
은평구CCTV,30,120,0,0.8,-,0.61%,높음,10
학원CCTV설치비용,< 10,10,0.1,0.8,3.58%,5.77%,높음,7
무인가게CCTV,< 10,20,0.3,0,4.09%,-,높음,7
LG홈캠,180,900,0.8,18.5,0.42%,1.98%,높음,8
다후아코리아,110,40,0,0.3,-,0.84%,높음,3
CCTV시스템구축,< 10,< 10,0,0,-,-,낮음,0
CCTV월이용료,< 10,10,0.1,0.3,1.79%,1.93%,높음,7
야외CCTV추천,10,10,0,0,-,-,높음,7
외부CCTV추천,10,40,0.3,1.8,2.39%,4.73%,높음,8
하이크비젼CCTV,130,250,1.1,5.3,1.01%,2.31%,높음,8
CCTV쇼핑몰,10,< 10,1,0,8.34%,-,높음,7
주택보안,10,50,0.3,2,2.73%,4.09%,높음,10
HDSDI,10,10,0.2,0,1.41%,-,중간,5
강남CCTV,70,170,0,1,-,0.59%,높음,9
AICCTV,380,320,3.5,3.8,0.94%,1.22%,높음,10
CCTV마이크,30,50,0,0.3,-,0.65%,높음,3
CCTV줌카메라,< 10,< 10,0.3,0.3,6.25%,4.17%,높음,8
일산CCTV설치,< 10,20,0.1,0.3,2.05%,1.32%,높음,7
사설경비업체,10,10,0.3,0.3,2.39%,1.39%,높음,7
CCTV설치기사,20,80,0.6,3.3,2.61%,4.34%,높음,10
강아지카메라,30,240,0.4,2.5,0.94%,1.07%,높음,8
고양이카메라,50,240,0,1.5,-,0.54%,높음,10
반려동물홈캠,20,160,0.1,5,0.53%,3.45%,높음,8
동축케이블CCTV,10,10,0,0,-,-,높음,3
인천CCTV설치,20,50,0,1.5,-,4.52%,높음,9
KT텔레캅대리점,< 10,< 10,0,0,-,-,중간,4
IPCAMERA,80,70,0,0.8,-,0.69%,높음,8
대전CCTV설치,20,80,0.9,3.5,3.11%,4.5%,높음,10
전원주택보안,10,20,0,0.3,-,0.97%,높음,9
홈보안카메라,< 10,10,0,0,-,-,높음,8
집카메라,20,110,0.4,0.5,1.88%,0.46%,높음,8
전국CCTV,880,"1,470",0.1,1.8,0.02%,0.13%,높음,10
특수경비업체,10,10,0.3,0.5,2.23%,3.58%,높음,7
집보안,10,50,0,0.5,-,1.03%,높음,10
ADP캡스,10,10,0.2,0,1.37%,-,높음,7
모형CCTV,230,750,0.5,10.3,0.23%,1.48%,높음,8
출동경비,< 10,10,0.1,0.8,1.59%,4.69%,높음,7
방범센서,20,60,0.5,0.3,1.93%,0.41%,높음,8
강서구CCTV,60,160,0.2,1.8,0.34%,1.07%,높음,10
금천구CCTV,10,60,0.1,0.3,1.2%,0.38%,높음,7
노원구CCTV,20,140,0,0.8,-,0.51%,높음,10
